Fecha,Column 3,Column 4,NÃºmero
03/2020,Felipe VI,http://twitter.com/search?q=%22Felipe+VI%22,81545
03/2020,Felipe VI,http://twitter.com/search?q=%22Felipe+VI%22,81851
03/2020,Felipe VI,http://twitter.com/search?q=%22Felipe+VI%22,83630
06/2020,Felipe VI,http://twitter.com/search?q=%22Felipe+VI%22,10645
06/2020,Felipe VI,http://twitter.com/search?q=%22Felipe+VI%22,12414
06/2020,Felipe VI,http://twitter.com/search?q=%22Felipe+VI%22,13945
06/2020,Felipe VI,http://twitter.com/search?q=%22Felipe+VI%22,15484
06/2020,Felipe VI,http://twitter.com/search?q=%22Felipe+VI%22,17642
06/2020,Felipe VI,http://twitter.com/search?q=%22Felipe+VI%22,22866
06/2020,Felipe VI,http://twitter.com/search?q=%22Felipe+VI%22,35201
06/2020,Felipe VI,http://twitter.com/search?q=%22Felipe+VI%22,34751
06/2020,Felipe VI,http://twitter.com/search?q=%22Felipe+VI%22,34151
06/2020,Felipe VI,http://twitter.com/search?q=%22Felipe+VI%22,13229
06/2020,Felipe VI,http://twitter.com/search?q=%22Felipe+VI%22,10351
06/2020,Felipe VI,http://twitter.com/search?q=%22Felipe+VI%22,11360
06/2020,Felipe VI,http://twitter.com/search?q=%22Felipe+VI%22,12453
06/2020,Felipe VI,http://twitter.com/search?q=%22Felipe+VI%22,13743
06/2020,Felipe VI,http://twitter.com/search?q=%22Felipe+VI%22,15190
06/2020,Felipe VI,http://twitter.com/search?q=%22Felipe+VI%22,18503
06/2020,Felipe VI,http://twitter.com/search?q=%22Felipe+VI%22,20713
06/2020,Felipe VI,http://twitter.com/search?q=%22Felipe+VI%22,22744
06/2020,Felipe VI,http://twitter.com/search?q=%22Felipe+VI%22,24596
06/2020,Felipe VI,http://twitter.com/search?q=%22Felipe+VI%22,32539
06/2020,Felipe VI,http://twitter.com/search?q=%22Felipe+VI%22,32606
06/2020,Felipe VI,http://twitter.com/search?q=%22Felipe+VI%22,32687
06/2020,Felipe VI,http://twitter.com/search?q=%22Felipe+VI%22,32896
06/2020,Felipe VI,http://twitter.com/search?q=%22Felipe+VI%22,33712
06/2020,Felipe VI,http://twitter.com/search?q=%22Felipe+VI%22,34580
06/2020,Felipe VI,http://twitter.com/search?q=%22Felipe+VI%22,24385
06/2020,Felipe VI,http://twitter.com/search?q=%22Felipe+VI%22,24156
06/2020,Felipe VI,http://twitter.com/search?q=%22Felipe+VI%22,10645
06/2020,Felipe VI,http://twitter.com/search?q=%22Felipe+VI%22,12414
06/2020,Felipe VI,http://twitter.com/search?q=%22Felipe+VI%22,13945
06/2020,Felipe VI,http://twitter.com/search?q=%22Felipe+VI%22,15484
06/2020,Felipe VI,http://twitter.com/search?q=%22Felipe+VI%22,17642
06/2020,Felipe VI,http://twitter.com/search?q=%22Felipe+VI%22,22866
06/2020,Felipe VI,http://twitter.com/search?q=%22Felipe+VI%22,35201
06/2020,Felipe VI,http://twitter.com/search?q=%22Felipe+VI%22,34751
06/2020,Felipe VI,http://twitter.com/search?q=%22Felipe+VI%22,34151
06/2020,Felipe VI,http://twitter.com/search?q=%22Felipe+VI%22,13229
06/2020,Felipe VI,http://twitter.com/search?q=%22Felipe+VI%22,10351
06/2020,Felipe VI,http://twitter.com/search?q=%22Felipe+VI%22,11360
06/2020,Felipe VI,http://twitter.com/search?q=%22Felipe+VI%22,12453
06/2020,Felipe VI,http://twitter.com/search?q=%22Felipe+VI%22,13743
06/2020,Felipe VI,http://twitter.com/search?q=%22Felipe+VI%22,15190
06/2020,Felipe VI,http://twitter.com/search?q=%22Felipe+VI%22,18503
06/2020,Felipe VI,http://twitter.com/search?q=%22Felipe+VI%22,20713
06/2020,Felipe VI,http://twitter.com/search?q=%22Felipe+VI%22,22744
06/2020,Felipe VI,http://twitter.com/search?q=%22Felipe+VI%22,24596
06/2020,Felipe VI,http://twitter.com/search?q=%22Felipe+VI%22,32539
06/2020,Felipe VI,http://twitter.com/search?q=%22Felipe+VI%22,32606
06/2020,Felipe VI,http://twitter.com/search?q=%22Felipe+VI%22,32687
06/2020,Felipe VI,http://twitter.com/search?q=%22Felipe+VI%22,32896
06/2020,Felipe VI,http://twitter.com/search?q=%22Felipe+VI%22,33712
06/2020,Felipe VI,http://twitter.com/search?q=%22Felipe+VI%22,34580
06/2020,Felipe VI,http://twitter.com/search?q=%22Felipe+VI%22,24385
06/2020,Felipe VI,http://twitter.com/search?q=%22Felipe+VI%22,24156
10/2020,Felipe VI,http://twitter.com/search?q=%22Felipe+VI%22,12806
10/2020,Felipe VI,http://twitter.com/search?q=%22Felipe+VI%22,13408
10/2020,Felipe VI,http://twitter.com/search?q=%22Felipe+VI%22,13866
10/2020,Felipe VI,http://twitter.com/search?q=%22Felipe+VI%22,14299
10/2020,Felipe VI,http://twitter.com/search?q=%22Felipe+VI%22,49640
10/2020,Felipe VI,http://twitter.com/search?q=%22Felipe+VI%22,49895
10/2020,Felipe VI,http://twitter.com/search?q=%22Felipe+VI%22,55158
10/2020,Felipe VI,http://twitter.com/search?q=%22Felipe+VI%22,57752
10/2020,Felipe VI,http://twitter.com/search?q=%22Felipe+VI%22,64964
10/2020,Felipe VI,http://twitter.com/search?q=%22Felipe+VI%22,57961
10/2020,Felipe VI,http://twitter.com/search?q=%22Felipe+VI%22,57811
10/2020,Felipe VI,http://twitter.com/search?q=%22Felipe+VI%22,57415
10/2020,Felipe VI,http://twitter.com/search?q=%22Felipe+VI%22,56580
10/2020,Felipe VI,http://twitter.com/search?q=%22Felipe+VI%22,54177
10/2020,Felipe VI,http://twitter.com/search?q=%22Felipe+VI%22,52880
10/2020,Felipe VI,http://twitter.com/search?q=%22Felipe+VI%22,32351
10/2020,Felipe VI,http://twitter.com/search?q=%22Felipe+VI%22,38227
10/2020,Felipe VI,http://twitter.com/search?q=%22Felipe+VI%22,43898
10/2020,Felipe VI,http://twitter.com/search?q=%22Felipe+VI%22,50510
10/2020,Felipe VI,http://twitter.com/search?q=%22Felipe+VI%22,55565
10/2020,Felipe VI,http://twitter.com/search?q=%22Felipe+VI%22,65057
10/2020,Felipe VI,http://twitter.com/search?q=%22Felipe+VI%22,89649
10/2020,Felipe VI,http://twitter.com/search?q=%22Felipe+VI%22,90428
10/2020,Felipe VI,http://twitter.com/search?q=%22Felipe+VI%22,90772
10/2020,Felipe VI,http://twitter.com/search?q=%22Felipe+VI%22,90967
10/2020,Felipe VI,http://twitter.com/search?q=%22Felipe+VI%22,91513
10/2020,Felipe VI,http://twitter.com/search?q=%22Felipe+VI%22,92463
10/2020,Felipe VI,http://twitter.com/search?q=%22Felipe+VI%22,93859
10/2020,Felipe VI,http://twitter.com/search?q=%22Felipe+VI%22,95137
10/2020,Felipe VI,http://twitter.com/search?q=%22Felipe+VI%22,90931
10/2020,Felipe VI,http://twitter.com/search?q=%22Felipe+VI%22,85026
10/2020,Felipe VI,http://twitter.com/search?q=%22Felipe+VI%22,79625
10/2020,Felipe VI,http://twitter.com/search?q=%22Felipe+VI%22,74030
10/2020,Felipe VI,http://twitter.com/search?q=%22Felipe+VI%22,62640
10/2020,Felipe VI,http://twitter.com/search?q=%22Felipe+VI%22,52659
10/2020,Felipe VI,http://twitter.com/search?q=%22Felipe+VI%22,48391
11/2020,Felipe VI,http://twitter.com/search?q=%22Felipe+VI%22,11030
10/2020,Felipe VI,http://twitter.com/search?q=%22Felipe+VI%22,10046
11/2020,Felipe VI,http://twitter.com/search?q=%22Felipe+VI%22,11572
12/2020,Felipe VI,http://twitter.com/search?q=%22Felipe+VI%22,10671
12/2020,Felipe VI,http://twitter.com/search?q=%22Felipe+VI%22,11573
12/2020,Felipe VI,http://twitter.com/search?q=%22Felipe+VI%22,12467
12/2020,Felipe VI,http://twitter.com/search?q=%22Felipe+VI%22,13436
12/2020,Felipe VI,http://twitter.com/search?q=%22Felipe+VI%22,14566
12/2020,Felipe VI,http://twitter.com/search?q=%22Felipe+VI%22,15576
12/2020,Felipe VI,http://twitter.com/search?q=%22Felipe+VI%22,17046
12/2020,Felipe VI,http://twitter.com/search?q=%22Felipe+VI%22,18264
12/2020,Felipe VI,http://twitter.com/search?q=%22Felipe+VI%22,19535
12/2020,Felipe VI,http://twitter.com/search?q=%22Felipe+VI%22,49456
12/2020,Felipe VI,http://twitter.com/search?q=%22Felipe+VI%22,49927
11/2020,Felipe VI,http://twitter.com/search?q=%22Felipe+VI%22,51726
11/2020,Felipe VI,http://twitter.com/search?q=%22Felipe+VI%22,54007
11/2020,Felipe VI,http://twitter.com/search?q=%22Felipe+VI%22,57408
12/2020,Felipe VI,http://twitter.com/search?q=%22Felipe+VI%22,60899
12/2020,Felipe VI,http://twitter.com/search?q=%22Felipe+VI%22,64016
12/2020,Felipe VI,http://twitter.com/search?q=%22Felipe+VI%22,66419
12/2020,Felipe VI,http://twitter.com/search?q=%22Felipe+VI%22,68100
12/2020,Felipe VI,http://twitter.com/search?q=%22Felipe+VI%22,69179

